INSERT INTO t_departamento (
    cd_departamento,
    nm_departamento,
    sg_departamento
) VALUES (
    1,
    'RECURSOS HUMANOS',
    'RH'
);

INSERT INTO t_departamento (
    cd_departamento,
    nm_departamento,
    sg_departamento
) VALUES (
    2,
    'FINANCEIRO',
    'FIN'
);


INSERT INTO t_departamento (
    cd_departamento,
    nm_departamento,
    sg_departamento
) VALUES (
    3,
    'TECNOLOGIA DA INFORMACAO',
    'TI'
);

--CONFIRMANDO
COMMIT;

--DESFAZENDO
--ROLLBACK;
ALTER SESSION SET NLS_DATE_FORMAT = 'DD/MM/YYYY';

--Exemplos
--'08/10/2024'
--SYSDATE
INSERT INTO T_PROJETO
(CD_PROJETO, NM_PROJETO, DT_INICIO_PROJETO)
VALUES
(1, 'Projeto Alfa', '08/10/2024');

COMMIT;

SELECT * FROM T_PROJETO;

INSERT INTO T_PROJETO
(CD_PROJETO, NM_PROJETO, DT_INICIO_PROJETO)
VALUES
(2, 'Projeto Beta', to_date('2024/10/08', 'yyyy/mm/dd'));

INSERT INTO t_funcionario (
    nr_matricula,
    cd_departamento,
    nm_funcionario,
    dt_nascimento_funcionario,
    dt_admissao,
    vl_salario_atual,
    ds_endereco
) VALUES (
    1235,
    '1',
    'Li Chan San',
    '01/01/2001',
    sysdate,
    5676.45,
    'Rua x 145'
);

commit;

UPDATE T_FUNCIONARIO
SET ds_endereco = 'Rua S 134'
WHERE nr_matricula = 1235;

SELECT * FROM T_FUNCIONARIO WHERE nr_matricula = 1235;

INSERT INTO t_funcionario (
    nr_matricula,
    cd_departamento,
    nm_funcionario,
    dt_nascimento_funcionario,
    dt_admissao,
    vl_salario_atual,
    ds_endereco
) VALUES (
    1244,
    '1',
    'Xi Pang Gang',
    '01/01/2001',
    sysdate,
    5634.45,
    'Rua x 145'
);

commit;


INSERT INTO t_funcionario (
    nr_matricula,
    cd_departamento,
    nm_funcionario,
    dt_nascimento_funcionario,
    dt_admissao,
    vl_salario_atual,
    ds_endereco
) VALUES (
    1245,
    '2',
    'Xi Pang Gang',
    to_date('01/01/2001', 'dd/mm/yyyy'),
    sysdate,
    5634.45,
    'Rua x 145'
);

commit;


DELETE FROM T_FUNCIONARIO
WHERE nr_matricula = 1245;

COMMIT;


Insert into T_DEPARTAMENTO (CD_DEPARTAMENTO,NM_DEPARTAMENTO,SG_DEPARTAMENTO) values (4,'FATURAMENTO','FAT');
Insert into T_DEPARTAMENTO (CD_DEPARTAMENTO,NM_DEPARTAMENTO,SG_DEPARTAMENTO) values (5,'RECURSOS HUMANOS','RHU');
Insert into T_DEPARTAMENTO (CD_DEPARTAMENTO,NM_DEPARTAMENTO,SG_DEPARTAMENTO) values (10,'LOGISTICA','LOG');
Insert into T_DEPARTAMENTO (CD_DEPARTAMENTO,NM_DEPARTAMENTO,SG_DEPARTAMENTO) values (6,'ESTOQUE','EST');



Insert into T_FUNCIONARIO (NR_MATRICULA,CD_DEPARTAMENTO,NM_FUNCIONARIO,DT_NASCIMENTO_FUNCIONARIO,DT_ADMISSAO,DS_ENDERECO,VL_SALARIO_ATUAL) values (12345,1,'JOAO DA SILVA',to_date('10/05/1985','DD/MM/YYYY'),to_date('15/09/2012','DD/MM/YYYY'),'RUA X, 49',5684.66);
Insert into T_FUNCIONARIO (NR_MATRICULA,CD_DEPARTAMENTO,NM_FUNCIONARIO,DT_NASCIMENTO_FUNCIONARIO,DT_ADMISSAO,DS_ENDERECO,VL_SALARIO_ATUAL) values (12346,1,'MANUEL DA SILVA',to_date('05/10/1998','DD/MM/YYYY'),to_date('10/11/2015','DD/MM/YYYY'),'RUA X, 31',3542.11);
Insert into T_FUNCIONARIO (NR_MATRICULA,CD_DEPARTAMENTO,NM_FUNCIONARIO,DT_NASCIMENTO_FUNCIONARIO,DT_ADMISSAO,DS_ENDERECO,VL_SALARIO_ATUAL) values (12347,1,'JANDIRA DA SILVA',to_date('10/12/2000','DD/MM/YYYY'),to_date('15/09/2018','DD/MM/YYYY'),'RUA X, 25',1875.96);
Insert into T_FUNCIONARIO (NR_MATRICULA,CD_DEPARTAMENTO,NM_FUNCIONARIO,DT_NASCIMENTO_FUNCIONARIO,DT_ADMISSAO,DS_ENDERECO,VL_SALARIO_ATUAL) values (12348,2,'KATIA REGINA SOUZA',to_date('15/01/1995','DD/MM/YYYY'),to_date('03/10/2015','DD/MM/YYYY'),'RUA Y, 49',3894.63);
Insert into T_FUNCIONARIO (NR_MATRICULA,CD_DEPARTAMENTO,NM_FUNCIONARIO,DT_NASCIMENTO_FUNCIONARIO,DT_ADMISSAO,DS_ENDERECO,VL_SALARIO_ATUAL) values (12349,2,'MARIA DAS DORES SOUZA',to_date('18/08/1983','DD/MM/YYYY'),to_date('23/10/2017','DD/MM/YYYY'),'RUA Y, 35',1542.55);
Insert into T_FUNCIONARIO (NR_MATRICULA,CD_DEPARTAMENTO,NM_FUNCIONARIO,DT_NASCIMENTO_FUNCIONARIO,DT_ADMISSAO,DS_ENDERECO,VL_SALARIO_ATUAL) values (12350,2,'ALFREDO DE SOUZA',to_date('04/05/1999','DD/MM/YYYY'),to_date('05/06/2014','DD/MM/YYYY'),'RUA Y, 27',5874.52);
Insert into T_FUNCIONARIO (NR_MATRICULA,CD_DEPARTAMENTO,NM_FUNCIONARIO,DT_NASCIMENTO_FUNCIONARIO,DT_ADMISSAO,DS_ENDERECO,VL_SALARIO_ATUAL) values (12351,3,'GISELE DE JESUS',to_date('15/04/1999','DD/MM/YYYY'),to_date('20/03/2017','DD/MM/YYYY'),'RUA Z, 49',1260.66);
Insert into T_FUNCIONARIO (NR_MATRICULA,CD_DEPARTAMENTO,NM_FUNCIONARIO,DT_NASCIMENTO_FUNCIONARIO,DT_ADMISSAO,DS_ENDERECO,VL_SALARIO_ATUAL) values (12352,3,'RAFAEL DE JESUS',to_date('10/08/1998','DD/MM/YYYY'),to_date('10/08/2012','DD/MM/YYYY'),'RUA Z, 55',2563.44);
Insert into T_FUNCIONARIO (NR_MATRICULA,CD_DEPARTAMENTO,NM_FUNCIONARIO,DT_NASCIMENTO_FUNCIONARIO,DT_ADMISSAO,DS_ENDERECO,VL_SALARIO_ATUAL) values (12353,3,'ROSANA DE JESUS',to_date('14/03/1987','DD/MM/YYYY'),to_date('15/08/2019','DD/MM/YYYY'),'RUA Z, 79',4879.55);
Insert into T_FUNCIONARIO (NR_MATRICULA,CD_DEPARTAMENTO,NM_FUNCIONARIO,DT_NASCIMENTO_FUNCIONARIO,DT_ADMISSAO,DS_ENDERECO,VL_SALARIO_ATUAL) values (12354,4,'JOSEFINA DE ALMEIDA',to_date('16/10/1997','DD/MM/YYYY'),to_date('25/03/2013','DD/MM/YYYY'),'RUA Y, 33',4561.88);
Insert into T_FUNCIONARIO (NR_MATRICULA,CD_DEPARTAMENTO,NM_FUNCIONARIO,DT_NASCIMENTO_FUNCIONARIO,DT_ADMISSAO,DS_ENDERECO,VL_SALARIO_ATUAL) values (12355,4,'LUCIANA DE ALMEIDA',to_date('10/02/1984','DD/MM/YYYY'),to_date('28/09/2011','DD/MM/YYYY'),'RUA Y, 44',2345.52);
Insert into T_FUNCIONARIO (NR_MATRICULA,CD_DEPARTAMENTO,NM_FUNCIONARIO,DT_NASCIMENTO_FUNCIONARIO,DT_ADMISSAO,DS_ENDERECO,VL_SALARIO_ATUAL) values (12356,4,'THIAGO DE ALMEIDA',to_date('10/03/1998','DD/MM/YYYY'),to_date('24/10/2018','DD/MM/YYYY'),'RUA Y, 55',1254.22);
Insert into T_FUNCIONARIO (NR_MATRICULA,CD_DEPARTAMENTO,NM_FUNCIONARIO,DT_NASCIMENTO_FUNCIONARIO,DT_ADMISSAO,DS_ENDERECO,VL_SALARIO_ATUAL) values (12357,5,'LARISSSA DE CAMARGO',to_date('14/02/1997','DD/MM/YYYY'),to_date('04/08/2015','DD/MM/YYYY'),'RUA V, 22',1245.55);
Insert into T_FUNCIONARIO (NR_MATRICULA,CD_DEPARTAMENTO,NM_FUNCIONARIO,DT_NASCIMENTO_FUNCIONARIO,DT_ADMISSAO,DS_ENDERECO,VL_SALARIO_ATUAL) values (12358,5,'ANTONIO DE CAMARGO',to_date('25/01/1985','DD/MM/YYYY'),to_date('12/08/2016','DD/MM/YYYY'),'RUA V, 44',2451.33);
Insert into T_FUNCIONARIO (NR_MATRICULA,CD_DEPARTAMENTO,NM_FUNCIONARIO,DT_NASCIMENTO_FUNCIONARIO,DT_ADMISSAO,DS_ENDERECO,VL_SALARIO_ATUAL) values (12359,5,'JOSE DE CAMARGO',to_date('23/10/1998','DD/MM/YYYY'),to_date('20/04/2017','DD/MM/YYYY'),'RUA V, 88',6541.22);
Insert into T_FUNCIONARIO (NR_MATRICULA,CD_DEPARTAMENTO,NM_FUNCIONARIO,DT_NASCIMENTO_FUNCIONARIO,DT_ADMISSAO,DS_ENDERECO,VL_SALARIO_ATUAL) values (1234,1,'PATRICIA M ANGELINI',to_date('10/09/1981','DD/MM/YYYY'),to_date('23/08/1998','DD/MM/YYYY'),'RUA X, 123',35000);
Insert into T_FUNCIONARIO (NR_MATRICULA,CD_DEPARTAMENTO,NM_FUNCIONARIO,DT_NASCIMENTO_FUNCIONARIO,DT_ADMISSAO,DS_ENDERECO,VL_SALARIO_ATUAL) values (1235,1,'CAMILA',to_date('12/07/2005','DD/MM/YYYY'),to_date('05/09/2020','DD/MM/YYYY'),'RUA Y, 126',6500);
Insert into T_FUNCIONARIO (NR_MATRICULA,CD_DEPARTAMENTO,NM_FUNCIONARIO,DT_NASCIMENTO_FUNCIONARIO,DT_ADMISSAO,DS_ENDERECO,VL_SALARIO_ATUAL) values (1236,2,'ARTHUR',to_date('11/08/2005','DD/MM/YYYY'),to_date('07/06/2019','DD/MM/YYYY'),'RUA Z, 89',2300);
commit;


Insert into T_DEPENDENTE (NR_MATRICULA,CD_DEPENDENTE,NM_DEPENDENTE,DT_NASCIMENTO_DEPENDENTE, DS_GRAU_PARENTESCO) values (12345,1,'JOANINHA',to_date('12/10/2010','DD/MM/YYYY'), 'FILHA');
Insert into T_DEPENDENTE (NR_MATRICULA,CD_DEPENDENTE,NM_DEPENDENTE,DT_NASCIMENTO_DEPENDENTE, DS_GRAU_PARENTESCO) values (12345,2,'JULINHA',to_date('15/10/2012','DD/MM/YYYY'), 'FILHA');
Insert into T_DEPENDENTE (NR_MATRICULA,CD_DEPENDENTE,NM_DEPENDENTE,DT_NASCIMENTO_DEPENDENTE, DS_GRAU_PARENTESCO) values (12345,3,'TONINHO',to_date('22/10/2014','DD/MM/YYYY'), 'FILHA');
Insert into T_DEPENDENTE (NR_MATRICULA,CD_DEPENDENTE,NM_DEPENDENTE,DT_NASCIMENTO_DEPENDENTE, DS_GRAU_PARENTESCO) values (12356,1,'JUNINHO',to_date('02/10/2011','DD/MM/YYYY'), 'FILHA');
Insert into T_DEPENDENTE (NR_MATRICULA,CD_DEPENDENTE,NM_DEPENDENTE,DT_NASCIMENTO_DEPENDENTE, DS_GRAU_PARENTESCO) values (12356,2,'ZEZINHO',to_date('15/10/2013','DD/MM/YYYY'), 'FILHA');
Insert into T_DEPENDENTE (NR_MATRICULA,CD_DEPENDENTE,NM_DEPENDENTE,DT_NASCIMENTO_DEPENDENTE, DS_GRAU_PARENTESCO) values (12356,3,'MARCELINHO',to_date('17/10/2015','DD/MM/YYYY'), 'FILHA');
Insert into T_DEPENDENTE (NR_MATRICULA,CD_DEPENDENTE,NM_DEPENDENTE,DT_NASCIMENTO_DEPENDENTE, DS_GRAU_PARENTESCO) values (12359,1,'MARIAZINHA',to_date('11/06/2014','DD/MM/YYYY'), 'FILHA');
Insert into T_DEPENDENTE (NR_MATRICULA,CD_DEPENDENTE,NM_DEPENDENTE,DT_NASCIMENTO_DEPENDENTE, DS_GRAU_PARENTESCO) values (12359,2,'LUIZINHA',to_date('21/06/2016','DD/MM/YYYY'), 'FILHA');
Insert into T_DEPENDENTE (NR_MATRICULA,CD_DEPENDENTE,NM_DEPENDENTE,DT_NASCIMENTO_DEPENDENTE, DS_GRAU_PARENTESCO) values (12359,3,'CARMINHA',to_date('18/06/2018','DD/MM/YYYY'), 'FILHA');

COMMIT;